{
    "$schema": "https://schema.management.azure.com/schemas/2015-01-01/deploymentParameters.json#",
    "contentVersion": "1.0.0.0",
    "parameters": {
        "administratorLogin": {
            "value": "korp"
        },
        "administratorLoginPassword": {
            "value": null
        },
        "collation": {
            "value": "SQL_Latin1_General_CP1_CI_AS"
        },
        "databaseName": {
            "value": "korpdb"
        },
        "serverName": {
            "value": "korp"
        },
        "serverLocation": {
            "value": "westindia"
        },
        "elasticPoolName": {
            "value": "korppool"
        },
        "sampleName": {
            "value": ""
        },
        "tier": {
            "value": "GeneralPurpose"
        },
        "skuName": {
            "value": "GP_Gen5"
        },
        "poolLimit": {
            "value": "2"
        },
        "poolSize": {
            "value": 34359738368
        },
        "perDatabasePerformanceMin": {
            "value": "0"
        },
        "perDatabasePerformanceMax": {
            "value": "2"
        },
        "zoneRedundant": {
            "value": false
        },
        "licenseType": {
            "value": "LicenseIncluded"
        },
        "enableADS": {
            "value": true
        },
        "allowAzureIps": {
            "value": true
        },
        "allowClientIp": {
            "value": false
        },
        "clientIpValue": {
            "value": "116.68.75.198"
        },
        "databaseTags": {
            "value": {
                "korp": "database"
            }
        },
        "serverTags": {
            "value": {
                "korp": "database"
            }
        },
        "elasticPoolTags": {
            "value": {}
        },
        "enableVA": {
            "value": true
        },
        "enableSqlLedger": {
            "value": false
        },
        "enableDigestStorage": {
            "value": "Disabled"
        },
        "digestStorageOption": {
            "value": ""
        },
        "digestStorageName": {
            "value": ""
        },
        "blobStorageContainerName": {
            "value": ""
        },
        "retentionDays": {
            "value": ""
        },
        "retentionPolicy": {
            "value": false
        },
        "digestAccountResourceGroup": {
            "value": ""
        },
        "isNewDigestLocation": {
            "value": false
        },
        "digestRegion": {
            "value": "westindia"
        },
        "sqlLedgerTemplateLink": {
            "value": "https://sqlazureextension.hosting.portal.azure.net/sqlazureextension/Content/2.1.01649162/DeploymentTemplates/SqlLedger.json"
        },
        "useVAManagedIdentity": {
            "value": false
        },
        "enablePrivateEndpoint": {
            "value": false
        },
        "privateEndpointNestedTemplateId": {
            "value": "pe-8d7161fa-8110-45cc-bb50-ab79be70f02f"
        },
        "privateEndpointSubscriptionId": {
            "value": ""
        },
        "privateEndpointResourceGroup": {
            "value": ""
        },
        "privateEndpointName": {
            "value": ""
        },
        "privateEndpointLocation": {
            "value": ""
        },
        "privateEndpointSubnetId": {
            "value": ""
        },
        "privateLinkServiceName": {
            "value": ""
        },
        "privateLinkServiceServiceId": {
            "value": ""
        },
        "privateEndpointVnetSubscriptionId": {
            "value": ""
        },
        "privateEndpointVnetResourceGroup": {
            "value": ""
        },
        "privateEndpointVnetName": {
            "value": ""
        },
        "privateEndpointSubnetName": {
            "value": ""
        },
        "enablePrivateDnsZone": {
            "value": true
        },
        "privateLinkPrivateDnsZoneFQDN": {
            "value": "privatelink.database.windows.net"
        },
        "privateEndpointDnsRecordUniqueId": {
            "value": "8d7161fa-8110-45cc-bb50-ab79be70f032"
        },
        "privateEndpointTemplateLink": {
            "value": "https://sqlazureextension.hosting.portal.azure.net/sqlazureextension/Content/2.1.01649162/DeploymentTemplates/PrivateEndpoint.json"
        },
        "privateDnsForPrivateEndpointTemplateLink": {
            "value": "https://sqlazureextension.hosting.portal.azure.net/sqlazureextension/Content/2.1.01649162/DeploymentTemplates/PrivateDnsForPrivateEndpoint.json"
        },
        "privateDnsForPrivateEndpointNicTemplateLink": {
            "value": "https://sqlazureextension.hosting.portal.azure.net/sqlazureextension/Content/2.1.01649162/DeploymentTemplates/PrivateDnsForPrivateEndpointNic.json"
        },
        "privateDnsForPrivateEndpointIpConfigTemplateLink": {
            "value": "https://sqlazureextension.hosting.portal.azure.net/sqlazureextension/Content/2.1.01649162/DeploymentTemplates/PrivateDnsForPrivateEndpointIpConfig.json"
        },
        "clientIpRuleName": {
            "value": "ClientIp-2021-7-19_13-49-10"
        },
        "requestedBackupStorageRedundancy": {
            "value": "Local"
        },
        "maintenanceConfigurationId": {
            "value": "/subscriptions/30a45f58-4f41-4148-a963-789da6128b35/providers/Microsoft.Maintenance/publicMaintenanceConfigurations/SQL_Default"
        }
    }
}